id,n_crop,n_disease,n_medicine
1-1,[],[],['黄腐酸']
1-2,[],['根系发育不良'],"['微生物菌剂', '甲壳素']"
2-1,[],[],[]
2-2,[],['病毒病'],"['氨基寡糖素', '宁南霉素']"
3-1,[],[],"['生物菌肥', '芸苔素内酯']"
3-2,[],['用药不当'],['碧护']
4-1,[],[],['微生物菌剂']
4-2,[],['高温干旱'],"['糖醇钙', '硫酸铜', '螯合钙']"
5-1,[],"['果腐病', '发病初期']","['噻唑锌', '生菌素', '春雷霉素', '叶枯唑', '氯溴异氰尿酸', '松脂酸铜', '噻菌铜']"
5-2,[],['果腐病'],"['喹啉铜', '叶枯唑', '乙蒜素', '嘧霉胺', '王铜', '噻菌铜', '春雷霉素', '喹啉铜']"
6-1,[],"['根腐病', '枯草芽孢杆菌']","['霜灵', '咯菌腈', '甲霜恶霉灵', '络氨铜', '硫酸铜钙']"
6-2,[],"['根腐病', '茎基腐病']",[]
7-1,[],['疫病'],"['烯酰吗啉', '锰锌', '吡唑醚菌酯', '锰锌', '烯酰', '锰锌', '氰霜唑']"
7-2,[],['疫病'],"['普力克', '可杀得', '霜灵', '克露', '杀毒矾', '霜灵']"
8-1,[],"['土壤盐渍化', '积累中毒']","['叶缘', '微生物菌剂']"
8-2,[],"['根系不好', '枯草芽孢杆菌']","['腐植酸', '碧护']"
9-1,[],"['根系发育不良', '枯草芽孢杆菌']",[]
9-2,[],"['根系不好', '枯草芽孢杆菌']","['氨基酸', '碧护']"
10-1,[],"['根系发育不良', '枯草芽孢杆菌']",[]
10-2,['辣椒'],['根腐病'],"['杀菌剂', '乙蒜素', '甲基硫菌灵', '溴菌腈', '碧护']"
11-1,[],['用药不当'],['碧护']
11-2,[],['疫病'],"['烯酰吗啉', '氟吗啉', '霜霉威盐酸盐', '霜脲锰锌', '锰锌', '氰霜唑']"
12-1,[],['日烧病'],['微生物菌剂']
12-2,[],['灼果'],['合钙肥']
13-1,[],['疫病'],"['杀菌剂', '湿性粉剂', '代森锰锌', '湿性粉剂', '普力克', '雷多米尔', '湿性粉剂', '霜疫清', '湿性粉剂', '百菌清', '湿性粉剂', '甲霜灵', '湿性粉剂', '克露', '湿性粉剂', '肟菌酯', '锰锌', '湿性粉剂']"
13-2,[],['疫病'],"['烯酰吗啉', '霜霉威']"
14-1,[],"['脐腐病', '缺钙']","['氨基酸', '糖醇钙', '碧护', '磷酸二氢钾']"
14-2,[],['疫病'],"['杀菌剂', '湿性粉剂', '代森锰锌', '湿性粉剂', '普力克', '雷多米尔', '湿性粉剂', '霜疫清', '湿性粉剂', '百菌清', '湿性粉剂', '甲霜灵', '湿性粉剂', '克露', '湿性粉剂', '肟菌酯', '锰锌', '湿性粉剂']"
15-1,[],"['枯萎病', '根腐病', '青枯病']",[]
15-2,[],['青枯病'],"['腐植酸', '碧护', '磷酸二氢钾']"
16-1,[],['缺硼'],"['速乐硼', '螯合钙', '磷酸二氢钾']"
16-2,[],['高温灼伤'],['微生物菌剂']
17-1,[],"['根系发育不良导致', '枯草芽孢杆菌']","['碧护', '磷酸二氢钾']"
18-1,[],['炭疽病'],"['碧护', '肟菌戊唑醇', '磷酸二氢钾', '氨基酸叶面肥']"
18-2,[],"['炭疽病', '炭疽']","['咪鲜胺锰盐', '苯甲溴菌腈', '腐霉利', '溴菌腈', '啶氧菌酯', '吡唑醚菌酯']"
18-3,[],['炭疽病'],"['碧护', '肟菌戊唑醇', '磷酸二氢钾', '氨基酸叶面肥']"
19-1,[],['煤污病'],"['腐霉利', '联苯菊酯', '螺虫乙酯', '噻虫嗪']"
19-2,[],[],"['生物菌肥', '芸苔素内酯']"
19-3,[],['煤污病'],"['腐霉利', '联苯菊酯', '螺虫乙酯', '噻虫嗪']"
20-1,[],"['根腐病', '枯草芽孢杆菌']","['霜霉威', '王铜', '甲霜灵', '恶霉灵', '酸钠', '恶霉灵', '恶霉灵', '生根剂']"
20-2,[],"['疫霉', '茎基腐病']","['霜霉威', '菌胺', '烯酰吗啉', '湿性粉剂']"
20-3,[],"['根腐病', '枯草芽孢杆菌']","['霜霉威', '王铜', '甲霜灵', '恶霉灵', '酸钠', '恶霉灵', '恶霉灵', '生根剂']"
21-1,[],['霜霉病'],"['银发利', '锰锌', '锰锌', '锰锌', '嘧菌酯', '氰霜唑', '霜脲氰', '烯酰吗啉', '氟吗啉', '杀菌剂']"
21-2,[],['霜霉病'],['克露']
21-3,[],['霜霉病'],"['银发利', '锰锌', '锰锌', '锰锌', '嘧菌酯', '氰霜唑', '霜脲氰', '烯酰吗啉', '氟吗啉', '杀菌剂']"
22-1,[],['枯草芽孢杆菌'],['腐植酸']
22-2,[],"['根系发育不良导致', '枯草芽孢杆菌']","['碧护', '磷酸二氢钾']"
22-3,[],['枯草芽孢杆菌'],['腐植酸']
23-1,[],[],[]
23-2,[],['供应不足'],['磷酸二氢钾']
23-3,[],[],[]
24-1,[],['疫病危害'],[]
24-2,[],[],"['钾肥', '碧护', '速乐硼', '鳌合钙']"
24-3,[],['疫病危害'],[]
25-2,[],"['根系发育不良导致', '枯草芽孢杆菌']","['碧护', '磷酸二氢钾']"
26-1,[],[],"['碧护', '磷酸二氢钾', '氨基酸叶面肥']"
26-2,[],['用药不当'],"['碧护', '芸苔素内酯']"
26-3,[],[],"['碧护', '磷酸二氢钾', '氨基酸叶面肥']"
27-1,[],"['茎基腐病', '枯草芽孢杆菌']",['恶霉灵']
27-2,[],"['疫霉', '茎基腐病']","['氰霜唑', '锰锌', '湿性粉剂']"
28-1,[],[],['生物菌肥']
28-3,[],[],['生物菌肥']
29-1,[],"['脐腐病', '缺钙']",['螯合钙']
29-2,['辣椒'],"['脐腐病', '缺钙']","['钾肥', '糖醇钙', '氨基酸']"
29-3,['辣椒'],"['脐腐病', '缺钙']","['钾肥', '糖醇钙', '氨基酸']"
30-1,[],"['根系发育不良', '枯草芽孢杆菌']",[]
30-2,[],['施药不当'],['微生物菌剂']
30-3,[],"['根系发育不良', '枯草芽孢杆菌']",[]
31-1,[],[],"['氨基寡糖素', '宁南霉素']"
31-2,[],[],"['氨基酸', '十芸苔素', '碧护']"
31-3,[],[],"['氨基寡糖素', '宁南霉素']"
32-1,[],['用药不当'],"['碧护', '芸苔素内酯', '氨基酸叶面肥', '黄腐酸', '叶面肥', '磷酸二氢钾']"
32-2,[],[],"['碧护', '磷酸二氢钾', '氨基酸叶面肥']"
32-3,[],['用药不当'],"['碧护', '芸苔素内酯', '氨基酸叶面肥', '黄腐酸', '叶面肥', '磷酸二氢钾']"
33-1,[],"['茎基腐病', '枯草芽孢杆菌']","['霜灵', '咯菌腈', '甲霜恶霉灵']"
33-2,[],"['茎基腐病', '土壤病', '枯草芽孢杆菌']","['恶霉灵', '多抗霉素']"
33-3,[],"['茎基腐病', '枯草芽孢杆菌']","['霜灵', '咯菌腈', '甲霜恶霉灵']"
34-1,[],['蚜虫'],[]
34-2,[],"['蚜虫', '氟啶虫']",['吡蚜酮']
34-3,[],"['蚜虫', '氟啶虫']",['吡蚜酮']
35-1,[],['霜霉病'],"['霜霉威', '菌胺', '烯酰吗啉', '湿性粉剂']"
35-2,[],"['霜霉病', '霜霉病']","['丙森锌', '代森锌', '嘧菌酯', '甲霜灵', '精甲霜灵', '烯酰吗啉', '氟吗啉', '霜霉威']"
35-3,[],['霜霉病'],"['霜霉威', '菌胺', '烯酰吗啉', '湿性粉剂']"
36-1,[],"['茎基腐病', '枯草芽孢杆菌']","['霜灵', '咯菌腈', '甲霜恶霉灵']"
36-2,[],"['根腐病', '枯草芽孢杆菌']","['甲霜灵', '恶霉灵', '络氨铜', '氨基酸']"
36-3,[],"['茎基腐病', '枯草芽孢杆菌']","['霜灵', '咯菌腈', '甲霜恶霉灵']"
37-1,[],"['脐腐病', '脐腐病', '缺钙']","['氨基酸', '螯合钙']"
37-2,[],"['缺钙', '脐腐病']",[]
37-3,[],"['脐腐病', '脐腐病', '缺钙']","['氨基酸', '螯合钙']"
38-1,[],['用药不当'],['碧护']
38-2,[],[],"['碧护', '磷酸二氢钾', '氨基酸叶面肥']"
38-3,[],[],"['碧护', '磷酸二氢钾', '氨基酸叶面肥']"
39-1,[],[],"['碧护', '磷酸二氢钾']"
39-2,[],[],"['氨基酸', '十芸苔素', '碧护']"
39-3,[],[],"['碧护', '磷酸二氢钾']"
40-1,[],['疫病危害'],"['霜霉威', '菌胺', '烯酰吗啉', '湿性粉剂']"
40-2,[],"['脐腐病', '缺钙']","['氨基酸', '螯合钙']"
40-3,[],['疫病危害'],"['霜霉威', '菌胺', '烯酰吗啉', '湿性粉剂']"
41-1,[],['疫病危害'],['克露']
41-2,[],['疫病'],"['双炔酰菌胺', '锰锌', '杀毒矾', '杀毒矾', '恶霜灵', '代森锰锌', '克露', '霜脲锰锌']"
41-3,[],['疫病危害'],['克露']
42-1,[],['用药不当'],['碧护']
42-2,[],['肥害'],['微生物菌剂']
42-3,[],['肥害'],['微生物菌剂']
43-1,[],[],['黄腐酸']
43-2,[],"['土壤板结', '根系吸收障碍']","['水溶肥', '生物菌肥', '海藻酸', '磷酸二氢钾', '碧护']"
43-3,[],[],['黄腐酸']
44-1,[],"['脐腐病', '缺钙']","['氨基酸', '糖醇钙', '碧护', '磷酸二氢钾']"
45-1,[],['白粉病'],[]
45-2,"['辣椒', '辣椒', '辣椒', '辣椒']","['霜霉病', '白粉病', '霜霉病', '病斑', '白粉病', '霜霉病', '病斑']",[]
46-1,[],"['脐腐病', '缺钙']",['螯合钙']
46-2,[],"['脐腐病', '缺钙', '生理性病害', '脐腐病']",[]
47-1,[],"['根腐病', '枯草芽孢杆菌']","['恶霉灵', '甲基立枯磷', '生根剂', '恶霉灵', '甲霜灵']"
47-2,[],"['根腐病', '枯草芽孢杆菌']","['霜霉威', '王铜', '甲霜灵', '恶霉灵', '酸钠', '恶霉灵', '恶霉灵', '生根剂']"
48-2,[],[],"['水溶肥', '氨基酸']"
49-1,[],"['炭疽病', '氟菌']","['肟菌酯', '苯醚甲环唑', '吡唑醚菌酯', '肟菌戊唑醇', '咪鲜胺', '啶氧菌酯', '咪鲜胺', '丙森锌', '咪鲜胺', '异菌脲', '吡唑醚菌酯', '氨基酸叶面肥']"
49-2,[],['炭疽病'],"['苯醚甲环唑', '吡唑醚菌酯', '阿砣', '啶氧菌酯', '戊唑醇', '百菌清']"
50-1,[],"['病斑', '气害灼伤']","['碧护', '芸苔素内酯', '磷酸二氢钾', '氨基酸叶面肥', '黄腐酸', '叶面肥']"
50-2,[],['用药不当'],['碧护']
51-1,[],['用药不当'],['碧护']
51-2,[],[],"['氨基酸', '水溶肥', '恶霉灵']"
52-1,[],['晚疫病'],"['双炔酰菌胺', '锰锌', '杀毒矾', '杀毒矾', '恶霜灵', '代森锰锌', '克露', '霜脲锰锌']"
52-2,[],"['灰霉病', '菌核病']","['腐霉利', '异菌脲', '啶酰菌胺', '嘧菌环胺', '嘧霉胺']"
53-1,[],['疫病'],"['锰锌', '烯酰吗啉', '锰锌', '乙铝', '霜霉威盐酸盐', '氰霜唑', '氟吗啉', '锰锌', '磷酸二氢钾']"
53-2,[],['疫病危害'],"['碧护', '磷酸二氢钾', '氨基酸叶面肥']"
54-2,[],[],"['生物菌肥', '芸苔素内酯']"
56-1,[],['螨虫'],"['四螨嗪', '阿维哒螨灵', '螺螨酯', '联苯肼酯', '乙螨唑']"
56-2,[],[],"['阿维哒螨灵', '虫螨酯', '乙螨唑', '酰胺', '溴螨酯', '联苯肼酯']"
57-1,[],['用药不当'],['碧护']
57-2,[],['霜霉病'],"['霜霉威', '菌胺', '烯酰吗啉', '湿性粉剂']"
58-1,[],['枯草芽孢杆菌'],"['碧护', '磷酸二氢钾']"
59-1,[],['根系发育不良'],"['微生物菌剂', '甲壳素']"
59-2,[],"['根系发育不良导致', '枯草芽孢杆菌']","['碧护', '磷酸二氢钾']"
59-3,[],['根系发育不良'],"['微生物菌剂', '甲壳素']"
60-1,[],"['茎基腐病', '枯草芽孢杆菌']","['霜霉威', '王铜', '甲霜灵', '恶霉灵', '酸钠', '恶霉灵', '恶霉灵', '生根剂']"
60-2,[],"['根腐病', '枯草芽孢杆菌']",['恶霉灵']
60-3,[],"['茎基腐病', '枯草芽孢杆菌']","['霜霉威', '王铜', '甲霜灵', '恶霉灵', '酸钠', '恶霉灵', '恶霉灵', '生根剂']"
61-1,[],"['畸形果', '缺硼', '畸形果', '激素过量', '畸形果', '少量畸形果']",['钾肥']
61-2,[],"['畸形果', '氮肥过量', '缺硼']","['钾肥', '钙元素', '钾肥', '碧护', '速乐硼', '鳌合钙']"
61-3,[],"['畸形果', '缺硼', '畸形果', '激素过量', '畸形果', '少量畸形果']",['钾肥']
62-1,[],['施药不当'],['微生物菌剂']
62-2,[],"['根系发育不良导致', '枯草芽孢杆菌']","['碧护', '磷酸二氢钾']"
62-3,[],['施药不当'],['微生物菌剂']
63-1,[],[],['黄腐酸']
63-2,[],[],"['氨基酸', '水溶肥']"
63-3,[],[],['黄腐酸']
64-1,[],[],"['碧护', '磷酸二氢钾', '氨基酸叶面肥']"
64-2,[],['用药不当'],"['氨基酸', '磷酸二氢钾', '碧护', '芸苔素内酯']"
64-3,[],[],"['碧护', '磷酸二氢钾', '氨基酸叶面肥']"
65-1,[],"['根系不好', '枯草芽孢杆菌']",['腐植酸']
65-2,[],['枯草芽孢杆菌'],"['腐植酸', '碧护', '磷酸二氢钾']"
66-1,[],['蚧壳虫'],[]
66-2,[],['蚜虫'],"['烯啶虫胺', '联苯菊酯', '噻虫嗪', '乙基多杀菌素']"
67-1,[],['炭疽病'],"['苯醚甲环唑', '溴菌腈', '咪鲜胺', '啶氧菌酯']"
67-2,[],['真菌性病害'],"['苯醚甲环唑', '吡唑醚菌酯']"
67-3,[],['炭疽病'],"['苯醚甲环唑', '溴菌腈', '咪鲜胺', '啶氧菌酯']"
68-1,[],"['病毒病', '钝化病毒']","['氨基寡糖素', '盐酸吗啉胍', '宁南霉素', '松脂酸铜', '烯啶吡蚜酮']"
68-3,[],"['病毒病', '钝化病毒']","['氨基寡糖素', '盐酸吗啉胍', '宁南霉素', '松脂酸铜', '烯啶吡蚜酮']"
69-1,[],"['茎基腐病', '枯草芽孢杆菌']","['霜霉威', '王铜', '甲霜灵', '恶霉灵', '酸钠', '恶霉灵', '恶霉灵', '生根剂']"
69-2,[],"['茎基腐病', '枯草芽孢杆菌']","['霜灵', '咯菌腈', '甲霜恶霉灵']"
69-3,[],"['茎基腐病', '枯草芽孢杆菌']","['霜霉威', '王铜', '甲霜灵', '恶霉灵', '酸钠', '恶霉灵', '恶霉灵', '生根剂']"
70-2,[],[],"['氨基酸', '海藻酸', '叶面肥']"
70-3,[],[],"['氨基酸', '海藻酸', '叶面肥']"
71-1,[],[],"['碧护', '速乐硼', '螯合钙']"
71-2,[],[],['芸苔素内酯']
71-3,[],[],"['碧护', '速乐硼', '螯合钙']"
72-1,[],"['脐腐病', '缺钙', '缺硼']","['偏施氮肥', '螯合钙', '速乐硼', '碧护']"
72-2,[],"['脐腐病', '缺钙']",['螯合钙']
72-3,[],"['脐腐病', '缺钙', '缺硼']","['偏施氮肥', '螯合钙', '速乐硼', '碧护']"
73-1,[],['肥害'],[]
73-2,[],['高温气害'],"['碧护', '磷酸二氢钾', '氨基酸叶面肥']"
73-3,[],['高温气害'],"['碧护', '磷酸二氢钾', '氨基酸叶面肥']"
74-1,[],['疫病'],"['双炔酰菌胺', '锰锌', '杀毒矾', '杀毒矾', '恶霜灵', '代森锰锌', '克露', '霜脲锰锌']"
74-2,[],['疫病'],"['烯酰吗啉', '锰锌', '吡唑醚菌酯', '锰锌', '烯酰', '锰锌', '氰霜唑']"
74-3,[],['疫病'],"['双炔酰菌胺', '锰锌', '杀毒矾', '杀毒矾', '恶霜灵', '代森锰锌', '克露', '霜脲锰锌']"
75-1,[],['施药不当'],['微生物菌剂']
75-2,[],['用药不当'],"['碧护', '芸苔素内酯']"
75-3,[],['施药不当'],['微生物菌剂']
76-1,[],"['疮痂病', '炭疽病']","['苯醚甲环唑', '塞菌铜']"
76-2,[],['炭疽病'],"['苯醚甲环唑', '溴菌腈', '咪鲜胺', '啶氧菌酯']"
76-3,[],"['疮痂病', '炭疽病']","['苯醚甲环唑', '塞菌铜']"
77-1,[],['肥害'],['磷酸二氢钾']
77-2,[],[],"['碧护', '芸苔素内酯', '氨基酸']"
77-3,[],[],"['碧护', '芸苔素内酯', '氨基酸']"
78-1,[],['霜霉病'],['克露']
78-2,[],['霜霉病'],"['烯酰吗啉', '锰锌', '吡唑醚菌酯', '锰锌', '烯酰', '锰锌', '氰霜唑']"
78-3,[],['霜霉病'],['克露']
79-1,[],['病毒病'],"['碧护', '磷酸二氢钾', '烯啶吡蚜酮']"
79-2,[],['用药不当'],"['碧护', '芸苔素内酯']"
79-3,[],['病毒病'],"['碧护', '磷酸二氢钾', '烯啶吡蚜酮']"
80-1,[],['用药不当'],"['碧护', '芸苔素内酯']"
80-2,[],[],"['碧护', '磷酸二氢钾', '氨基酸叶面肥']"
80-3,[],['用药不当'],"['碧护', '芸苔素内酯']"
81-1,[],['施药不当'],['微生物菌剂']
81-2,[],[],"['碧护', '磷酸二氢钾', '氨基酸叶面肥']"
81-3,[],['施药不当'],['微生物菌剂']
82-1,[],['紫斑病'],"['生物菌肥', '芸苔素内酯']"
82-2,[],"['脐腐病', '缺钙']","['钾肥', '糖醇钙', '氨基酸']"
82-3,[],['紫斑病'],"['生物菌肥', '芸苔素内酯']"
83-1,[],[],"['高效氯氟氰菊酯', '噻虫嗪', '联苯菊酯', '联苯菊酯', '噻虫嗪', '联苯菊酯']"
83-2,[],[],"['烯啶虫胺', '联苯菊酯', '噻虫嗪', '高效氯氟氰菊酯', '螺虫乙酯']"
83-3,[],[],"['高效氯氟氰菊酯', '噻虫嗪', '联苯菊酯', '联苯菊酯', '噻虫嗪', '联苯菊酯']"
84-1,[],"['根腐病', '枯草芽孢杆菌']","['甲霜灵', '恶霉灵', '络氨铜', '氨基酸']"
84-2,[],"['茎基腐病', '枯草芽孢杆菌']","['甲霜恶霉灵', '溴菌腈', '络氨铜', '霜霉威盐酸盐']"
84-3,[],"['根腐病', '枯草芽孢杆菌']","['甲霜灵', '恶霉灵', '络氨铜', '氨基酸']"
85-1,[],['霜霉病'],"['啶氧菌酯', '霜脲氰', '代森联', '王铜', '甲霜灵', '烯酰', '嘧菌酯', '烯酰', '丙森锌']"
85-2,[],['霜霉病'],['克露']
85-3,[],['霜霉病'],"['啶氧菌酯', '霜脲氰', '代森联', '王铜', '甲霜灵', '烯酰', '嘧菌酯', '烯酰', '丙森锌']"
86-1,[],['脐腐病'],"['钾肥', '糖醇钙', '氨基酸']"
86-2,[],"['脐腐病', '缺钙', '生理性病害', '脐腐病']",[]
86-3,[],['脐腐病'],"['钾肥', '糖醇钙', '氨基酸']"
87-1,[],['疫病'],"['烯酰吗啉', '氟吗啉', '霜霉威盐酸盐', '霜脲锰锌', '锰锌', '氰霜唑']"
87-2,[],['细菌性病害'],"['乙蒜素', '叶枯唑', '生菌素', '氯溴异氰尿酸', '春雷王铜', '春雷霉素', '可杀得', '春雷霉素', '喹啉铜']"
87-3,[],['疫病'],"['烯酰吗啉', '氟吗啉', '霜霉威盐酸盐', '霜脲锰锌', '锰锌', '氰霜唑']"
88-1,[],['霜霉病'],"['霜霉威', '菌胺', '烯酰吗啉', '湿性粉剂']"
88-2,[],['霜霉病'],"['杀毒矾', '烯酰吗啉', '霜霉威盐酸盐', '霜脲', '烯酰', '锰锌']"
88-3,[],['霜霉病'],"['霜霉威', '菌胺', '烯酰吗啉', '湿性粉剂']"
89-1,['辣椒'],['疫病'],"['烯酰', '代森联', '代森联', '霜脲氰', '霜霉威', '烯酰', '嘧菌酯', '霜脲氰']"
89-2,[],['病毒病'],"['宁南霉素', '氨基寡糖素']"
89-3,['辣椒'],['疫病'],"['烯酰', '代森联', '代森联', '霜脲氰', '霜霉威', '烯酰', '嘧菌酯', '霜脲氰']"
90-1,[],['霜霉病'],"['杀毒矾', '烯酰吗啉', '霜霉威盐酸盐', '霜脲', '烯酰', '锰锌']"
90-2,[],['霜霉病'],"['烯酰吗啉', '霜霉威']"
90-3,[],['霜霉病'],"['杀毒矾', '烯酰吗啉', '霜霉威盐酸盐', '霜脲', '烯酰', '锰锌']"
91-1,[],['缺硼'],[]
91-2,[],"['畸形果', '缺硼', '畸形果', '激素过量', '畸形果', '少量畸形果']",['钾肥']
91-3,[],['缺硼'],[]
92-1,[],['用药不当'],"['氨基酸', '海藻酸', '叶面肥']"
92-2,[],['用药不当'],"['氨基酸', '磷酸二氢钾', '碧护', '芸苔素内酯']"
92-3,[],['用药不当'],"['氨基酸', '海藻酸', '叶面肥']"
93-1,[],[],['氨基酸']
93-2,[],[],"['碧护', '氨基酸']"
93-3,[],[],['氨基酸']
94-1,[],['霜霉病'],"['霜霉威', '菌胺', '烯酰吗啉', '湿性粉剂']"
94-2,[],['霜霉病'],"['烯酰吗啉', '霜霉威']"
94-3,[],['霜霉病'],"['霜霉威', '菌胺', '烯酰吗啉', '湿性粉剂']"
96-1,[],['用药不当'],"['碧护', '芸苔素内酯']"
96-2,[],['肥害'],['微生物菌剂']
96-3,[],['用药不当'],"['碧护', '芸苔素内酯']"
97-1,[],[],"['氯虫苯甲酰胺', '虫酰肼', '氟虫双酰胺', '茚虫威', '酰胺']"
97-2,[],"['夜蛾类', '害虫危害']","['茚虫威', '苏云金', '氟啶脲']"
97-3,[],[],"['氯虫苯甲酰胺', '虫酰肼', '氟虫双酰胺', '茚虫威', '酰胺']"
98-1,[],['疫病'],"['烯酰吗啉', '氟吗啉', '霜霉威盐酸盐', '霜脲锰锌', '锰锌', '氰霜唑']"
98-2,[],"['疫病', '高温气害']",[]
98-3,[],['疫病'],"['烯酰吗啉', '氟吗啉', '霜霉威盐酸盐', '霜脲锰锌', '锰锌', '氰霜唑']"
99-1,[],[],"['碧护', '磷酸二氢钾', '氨基酸叶面肥']"
99-2,[],['用药不当'],"['碧护', '芸苔素内酯', '氨基酸叶面肥', '黄腐酸', '叶面肥', '磷酸二氢钾']"
99-3,[],[],"['碧护', '磷酸二氢钾', '氨基酸叶面肥']"
100-1,[],['用药不当'],['碧护']
100-2,[],['用药不当'],"['磷酸二氢钾', '氨基酸叶面肥', '碧护']"
100-3,[],['用药不当'],"['磷酸二氢钾', '氨基酸叶面肥', '碧护']"
101-1,[],[],"['碧护', '芸苔素']"
101-2,[],"['根系发育不良', '枯草芽孢杆菌']",[]
101-3,[],[],"['碧护', '芸苔素']"
102-1,[],"['根系不好', '枯草芽孢杆菌']",[]
102-2,[],"['根系发育不良', '枯草芽孢杆菌']",[]
102-3,[],"['根系发育不良', '枯草芽孢杆菌']",[]
103-1,[],[],"['杜邦', '高效氯氰菊酯']"
104-1,[],[],"['生物菌肥', '芸苔素内酯']"
104-2,[],['土壤盐渍化'],['微生物菌剂']
105-1,[],['疫病'],"['烯酰吗啉', '氟吗啉', '霜霉威盐酸盐', '霜脲锰锌', '锰锌', '氰霜唑']"
105-2,[],['缺硼'],"['氮肥', '氮肥', '调环酸钙', '', '碧护', '速乐硼', '鳌合钙']"
106-1,[],"['夜蛾类', '害虫危害']","['阿维菌素', '氯虫苯甲酰胺', '酰胺', '酰胺', '有机硅']"
106-2,[],[],['高效氯氰菊酯']
107-1,[],"['根腐病', '枯草芽孢杆菌']",['甲霜恶霉灵']
107-2,[],"['根腐病', '枯草芽孢杆菌']","['甲霜灵', '恶霉灵', '络氨铜', '氨基酸']"
108-1,['辣椒'],"['脐腐病', '缺钙']","['钾肥', '糖醇钙', '氨基酸']"
108-2,[],"['脐腐病', '缺钙', '缺硼']","['偏施氮肥', '螯合钙', '速乐硼', '碧护']"
109-1,[],"['根腐病', '枯草芽孢杆菌']","['霜霉威', '王铜', '甲霜灵', '恶霉灵', '酸钠', '恶霉灵', '恶霉灵', '生根剂']"
109-2,[],"['根腐病', '枯草芽孢杆菌']",['恶霉灵']
110-1,[],"['土壤板结', '枯草芽孢杆菌']","['腐植酸', '碧护']"
110-2,[],"['根系发育不良导致', '枯草芽孢杆菌']","['碧护', '磷酸二氢钾']"
111-1,[],[],"['生物菌肥', '农家肥']"
111-2,[],[],"['机肥', '生物菌肥']"
112-1,[],[],['微生物菌剂']
112-2,[],['用药不当'],"['氨基酸', '磷酸二氢钾', '碧护', '芸苔素内酯']"
113-1,[],['肥害'],['微生物菌剂']
113-2,[],['脐腐病'],['螯合钙']
114-1,[],"['脐腐病', '缺钙']","['氨基酸', '糖醇钙', '碧护', '磷酸二氢钾']"
114-2,[],"['脐腐病', '缺钙']","['钾肥', '糖醇钙', '氨基酸']"
115-1,[],"['疫霉', '根腐病']","['甲霜恶霉灵', '霜霉威']"
115-2,[],"['茎基腐病', '枯草芽孢杆菌']","['王铜', '甲霜灵', '恶霉灵', '精甲霜灵', '咯菌腈', '福美双']"
116-1,['辣椒'],[],[]
117-1,[],['供应不足'],['调环酸钙']
117-3,[],['供应不足'],['调环酸钙']
118-1,[],['蚜虫'],[]
118-2,[],['蚜虫'],"['联苯菊酯', '烯啶虫胺', '噻虫嗪']"
118-3,[],['蚜虫'],[]
119-1,[],['疫病危害'],['克露']
119-2,[],['疫病'],"['杀菌剂', '湿性粉剂', '代森锰锌', '湿性粉剂', '普力克', '雷多米尔', '湿性粉剂', '霜疫清', '湿性粉剂', '百菌清', '湿性粉剂', '甲霜灵', '湿性粉剂', '克露', '湿性粉剂', '肟菌酯', '锰锌', '湿性粉剂']"
119-3,[],['疫病危害'],['克露']
120-2,[],['枯草芽孢杆菌'],"['碧护', '氨基酸']"
120-3,[],['枯草芽孢杆菌'],"['碧护', '氨基酸']"
121-1,[],[],"['细菌性', '喹啉铜', '多抗霉素', '琥胶肥酸铜', '春雷霉素', '生菌素']"
121-2,[],['细菌性叶斑病'],"['琥胶肥', '氢氧化铜', '络氨铜', '王铜', '噻菌铜', '化亚铜']"
121-3,[],[],"['细菌性', '喹啉铜', '多抗霉素', '琥胶肥酸铜', '春雷霉素', '生菌素']"
122-1,[],[],[]
122-2,[],[],['磷酸二氢钾']
122-3,[],[],[]
123-1,[],['蓟马'],"['烯啶虫胺', '联苯菊酯', '噻虫嗪', '乙基多杀菌素']"
123-2,[],['蓟马'],"['螺虫乙酯', '吡虫啉', '联苯菊酯', '噻虫嗪']"
123-3,[],['蓟马'],"['烯啶虫胺', '联苯菊酯', '噻虫嗪', '乙基多杀菌素']"
124-1,[],['炭疽病'],"['阿砣', '苯醚甲环唑', '咪鲜胺锰盐', '腐霉利', '氟硅唑', '啶氧菌酯', '苯甲溴菌腈', '吡唑嘧菌酯']"
124-2,[],['炭疽病'],"['肟菌戊唑醇', '氟硅唑', '苯甲丙环唑']"
124-3,[],['炭疽病'],"['阿砣', '苯醚甲环唑', '咪鲜胺锰盐', '腐霉利', '氟硅唑', '啶氧菌酯', '苯甲溴菌腈', '吡唑嘧菌酯']"
125-1,[],[],"['生物菌肥', '芸苔素内酯']"
125-2,[],"['根系发育不良导致', '枯草芽孢杆菌']","['碧护', '磷酸二氢钾']"
125-3,[],[],"['生物菌肥', '芸苔素内酯']"
126-1,[],['白星病'],"['肟菌戊唑醇', '氟硅唑', '苯甲丙环唑']"
126-2,[],"['炭疽病', '辣椒白星病']","['吡唑醚菌酯', '丙环唑', '络氨铜', '可杀得', '代森锌']"
126-3,[],['白星病'],"['肟菌戊唑醇', '氟硅唑', '苯甲丙环唑']"
127-1,[],['高温灼伤'],['微生物菌剂']
127-2,[],[],"['生物菌肥', '芸苔素内酯']"
127-3,[],['高温灼伤'],['微生物菌剂']
128-1,[],['高温灼伤'],['微生物菌剂']
128-2,[],[],"['碧护', '磷酸二氢钾', '氨基酸叶面肥']"
128-3,[],['高温灼伤'],['微生物菌剂']
129-1,[],[],"['碧护', '芸苔素内酯', '腐植酸']"
129-2,[],[],"['碧护', '磷酸二氢钾', '氨基酸叶面肥']"
129-3,[],[],"['碧护', '芸苔素内酯', '腐植酸']"
130-1,[],[],['微生物菌剂']
130-2,[],['枯草芽孢杆菌'],"['碧护', '磷酸二氢钾']"
130-3,[],[],['微生物菌剂']
131-2,[],['畸形果'],[]
131-3,[],"['畸形果', '氮肥过量', '缺硼']","['钾肥', '钙元素', '钾肥', '碧护', '速乐硼', '鳌合钙']"
132-1,[],['炭疽病'],"['肟菌戊唑醇', '氟硅唑', '苯甲丙环唑']"
132-2,[],"['炭疽病', '炭疽']","['咪鲜胺锰盐', '苯甲溴菌腈', '腐霉利', '溴菌腈', '啶氧菌酯', '吡唑醚菌酯']"
132-3,[],['炭疽病'],"['肟菌戊唑醇', '氟硅唑', '苯甲丙环唑']"
133-1,[],['疫病危害'],['克露']
133-2,[],['疫病'],"['烯酰吗啉', '霜霉威']"
133-3,[],['疫病危害'],['克露']
134-1,[],['疫病危害'],"['霜霉威盐酸盐', '烯酰吗啉']"
134-2,[],['疫病危害'],"['霜霉威', '菌胺', '烯酰吗啉', '湿性粉剂']"
134-3,[],['疫病危害'],"['霜霉威盐酸盐', '烯酰吗啉']"
135-1,[],"['缺钙', '脐腐病']","['速乐硼', '螯合钙', '磷酸二氢钾']"
135-2,[],"['脐腐病', '缺钙']","['钾肥', '糖醇钙', '氨基酸']"
135-3,[],"['缺钙', '脐腐病']","['速乐硼', '螯合钙', '磷酸二氢钾']"
136-1,[],"['根腐病', '缺素', '枯草芽孢杆菌']","['恶霉灵', '碧护']"
136-2,[],"['根腐病', '枯草芽孢杆菌']","['甲霜灵', '恶霉灵', '络氨铜', '氨基酸']"
136-3,[],"['根腐病', '缺素', '枯草芽孢杆菌']","['恶霉灵', '碧护']"
137-1,[],['用药不当'],"['磷酸二氢钾', '氨基酸叶面肥', '碧护']"
137-2,[],['叶斑病'],"['苯醚甲环唑', '生霉素']"
137-3,[],['用药不当'],"['磷酸二氢钾', '氨基酸叶面肥', '碧护']"
138-1,[],"['茎基腐病', '枯草芽孢杆菌']",['甲霜恶霉灵']
138-2,[],"['茎基腐病', '枯草芽孢杆菌']","['霜霉威', '王铜', '甲霜灵', '恶霉灵', '酸钠', '恶霉灵', '恶霉灵', '生根剂']"
138-3,[],"['茎基腐病', '枯草芽孢杆菌']","['霜霉威', '王铜', '甲霜灵', '恶霉灵', '酸钠', '恶霉灵', '恶霉灵', '生根剂']"
139-1,[],[],"['细菌性', '喹啉铜', '多抗霉素', '琥胶肥酸铜', '春雷霉素', '生菌素']"
139-2,[],['炭疽病'],"['苯醚甲环唑', '溴菌腈', '咪鲜胺', '啶氧菌酯']"
139-3,[],[],"['细菌性', '喹啉铜', '多抗霉素', '琥胶肥酸铜', '春雷霉素', '生菌素']"
140-1,[],['虫害'],[]
140-2,[],['蓟马'],"['吡虫啉', '螺虫乙酯', '烯啶虫胺', '噻虫嗪']"
140-3,[],['蓟马'],"['吡虫啉', '螺虫乙酯', '烯啶虫胺', '噻虫嗪']"
141-1,[],['炭疽病'],"['溴菌腈', '咪鲜胺', '氟环唑', '四氟醚唑', '啶氧菌酯', '溴菌腈', '苯醚甲环唑', '醚菌酯', '醚菌酯']"
141-2,[],['炭疽病'],"['肟菌戊唑醇', '氟硅唑', '苯甲丙环唑']"
141-3,[],['炭疽病'],"['溴菌腈', '咪鲜胺', '氟环唑', '四氟醚唑', '啶氧菌酯', '溴菌腈', '苯醚甲环唑', '醚菌酯', '醚菌酯']"
142-1,[],['根系受损'],[]
142-2,[],[],"['乙蒜素', '氯溴异氰尿酸', '春雷王铜', '氢氧化铜', '春雷霉素']"
142-3,[],[],"['乙蒜素', '氯溴异氰尿酸', '春雷王铜', '氢氧化铜', '春雷霉素']"
143-1,[],['缺硼'],['钙元素']
143-2,[],"['缺硼', '缺钙', '缺硼', '缺硼']","['速乐硼', '速乐硼', '糖醇钙']"
143-3,[],['缺硼'],['钙元素']
144-1,[],['霜霉病'],"['烯酰吗啉', '霜霉威']"
144-2,[],['霜霉病'],"['霜霉威', '菌胺', '烯酰吗啉', '湿性粉剂']"
144-3,[],['霜霉病'],"['烯酰吗啉', '霜霉威']"
145-1,[],['用药不当'],['碧护']
145-2,[],['用药不当'],"['氨基酸', '海藻酸', '叶面肥']"
145-3,[],['用药不当'],"['氨基酸', '海藻酸', '叶面肥']"
146-1,[],['用药不当'],['碧护']
146-2,[],['用药不当'],"['碧护', '芸苔素内酯']"
146-3,[],['用药不当'],"['碧护', '芸苔素内酯']"
147-1,[],['缺硼'],['螯合钙']
147-2,[],[],[]
147-3,[],[],[]
148-1,[],[],['微生物菌剂']
148-2,[],[],"['甲基硫菌灵', '苯醚甲环唑', '戊唑醇']"
148-3,[],[],['微生物菌剂']
149-1,[],['施药不当'],['微生物菌剂']
149-2,[],['枯草芽孢杆菌'],"['海藻肥', '腐植酸', '磷酸二氢钾', '碧护']"
149-3,[],['施药不当'],['微生物菌剂']
150-1,[],"['根系发育不良导致', '枯草芽孢杆菌']","['碧护', '磷酸二氢钾']"
150-2,[],['根系发育不良'],"['微生物菌剂', '甲壳素']"
150-3,[],"['根系发育不良导致', '枯草芽孢杆菌']","['碧护', '磷酸二氢钾']"
151-1,[],"['脐腐病', '缺钙']",['螯合钙']
151-2,[],"['缺钙', '脐腐病']","['速乐硼', '螯合钙', '磷酸二氢钾']"
151-3,[],"['脐腐病', '缺钙']",['螯合钙']
152-1,[],['蓟马'],"['螺虫乙酯', '烯啶虫胺', '噻虫嗪']"
152-2,[],['施药不当'],['微生物菌剂']
152-3,[],['蓟马'],"['螺虫乙酯', '烯啶虫胺', '噻虫嗪']"
153-1,[],[],"['碧护', '磷酸二氢钾', '氨基酸叶面肥']"
153-2,[],['高温灼伤'],['微生物菌剂']
153-3,[],[],"['碧护', '磷酸二氢钾', '氨基酸叶面肥']"
154-1,[],[],"['高效氯氟氰菊酯', '噻虫嗪', '联苯菊酯', '联苯菊酯', '噻虫嗪', '联苯菊酯']"
154-2,[],['肥害'],['微生物菌剂']
154-3,[],[],"['高效氯氟氰菊酯', '噻虫嗪', '联苯菊酯', '联苯菊酯', '噻虫嗪', '联苯菊酯']"
155-1,[],['枯草芽孢杆菌'],['碧护']
155-2,[],[],"['碧护', '芸苔素内酯']"
155-3,[],['枯草芽孢杆菌'],"['碧护', '磷酸二氢钾']"
156-1,[],['用药不当'],"['氨基酸', '海藻酸', '叶面肥']"
156-2,[],[],['碧护']
156-3,[],['用药不当'],"['氨基酸', '海藻酸', '叶面肥']"
157-1,[],['用药不当'],"['碧护', '芸苔素内酯', '氨基酸叶面肥', '黄腐酸', '叶面肥', '磷酸二氢钾']"
157-2,[],[],"['碧护', '磷酸二氢钾', '氨基酸叶面肥']"
157-3,[],['用药不当'],"['碧护', '芸苔素内酯', '氨基酸叶面肥', '黄腐酸', '叶面肥', '磷酸二氢钾']"
158-1,[],[],"['碧护', '磷酸二氢钾', '氨基酸叶面肥']"
159-1,[],['用药不当'],['碧护']
159-2,[],['用药不当'],"['氨基酸', '海藻酸', '叶面肥']"
160-1,[],[],"['碧护', '磷酸二氢钾']"
160-2,[],[],['芸苔素内酯']
161-1,[],['用药不当'],"['碧护', '芸苔素内酯']"
161-2,[],[],['微生物菌剂']
162-1,[],"['病毒病', '蓟马', '蚜虫', '刺吸式害虫', '蓟马', '灰飞虱']","['宁南霉素', '氨基寡糖素', '盐酸吗啉胍', '吡蚜酮', '吡虫啉', '硫酸锌喷雾']"
162-2,[],['病毒病'],"['氨基酸', '十芸苔素']"
163-1,[],"['根系发育不良', '枯草芽孢杆菌']",[]
163-2,[],['根系发育不良'],"['微生物菌剂', '甲壳素']"
164-1,[],['肥害'],['微生物菌剂']
164-2,[],"['病斑', '气害灼伤']","['碧护', '芸苔素内酯', '磷酸二氢钾', '氨基酸叶面肥', '黄腐酸', '叶面肥']"
165-1,[],['肥害'],"['碧护', '微生物菌剂']"
166-1,[],[],[]
166-2,[],[],[]
167-1,[],['用药不当'],"['碧护', '芸苔素内酯']"
167-2,[],['用药不当'],"['碧护', '芸苔素内酯', '氨基酸叶面肥', '黄腐酸', '叶面肥', '磷酸二氢钾']"
168-1,[],[],['黄腐酸']
168-2,[],[],"['微生物菌剂', '甲壳素']"
169-1,[],['施药不当'],['微生物菌剂']
169-2,[],"['病毒病', '钝化病毒']","['氨基寡糖素', '盐酸吗啉胍', '宁南霉素', '松脂酸铜', '烯啶吡蚜酮']"
170-1,[],['蓟马'],['联苯菊酯']
170-2,[],['蓟马'],"['烯啶虫胺', '联苯菊酯', '噻虫嗪', '乙基多杀菌素']"
171-1,[],['炭疽病'],"['甲基硫菌灵', '苯咪甲环唑', '戊唑醇', '咪鲜胺锰盐']"
171-2,[],"['炭疽病', '炭疽']","['咪鲜胺锰盐', '苯甲溴菌腈', '腐霉利', '溴菌腈', '啶氧菌酯', '吡唑醚菌酯']"
172-1,[],['枯草芽孢杆菌'],"['恶霉灵', '氨基酸']"
172-2,[],['根系发育不良'],"['微生物菌剂', '甲壳素']"
173-1,[],[],"['碧护', '磷酸二氢钾', '氨基酸叶面肥']"
173-2,[],['高温灼伤'],['微生物菌剂']
174-1,[],[],[]
174-2,[],[],['缺微肥']
175-1,[],"['土壤盐渍化', '根系发育不良', '缺素', '导致早衰', '枯草芽孢杆菌']","['腐植酸', '甲霜恶霉灵', '碧护', '磷酸二氢钾']"
175-2,[],"['光合作用弱', '根系发育不良', '吸收障碍', '供应不足']","['生物菌肥', '磷酸二氢钾', '氨基酸叶面肥']"
176-1,[],"['根腐病', '枯草芽孢杆菌']","['腐植酸', '甲霜恶霉灵']"
177-1,[],[],['微生物菌剂']
177-2,[],"['根系发育不良导致', '枯草芽孢杆菌']","['碧护', '磷酸二氢钾']"
178-1,[],[],"['腐植酸', '平衡型水溶肥', '水溶肥']"
178-2,[],[],"['底肥', '腐植酸', '海藻素', '磷酸二氢钾', '速乐硼', '碧护', '鳌合钙', '水溶肥', '碧护', '芸苔素', '磷酸二氢钾']"
179-1,[],['用药不当'],['碧护']
179-2,[],[],"['碧护', '磷酸二氢钾', '氨基酸叶面肥']"
180-1,[],['绵疫病'],"['双炔酰菌胺', '锰锌', '杀毒矾', '杀毒矾', '恶霜灵', '代森锰锌', '克露', '霜脲锰锌']"
180-2,['辣椒'],['疫病危害'],"['氰霜唑', '锰锌', '湿性粉剂']"
181-1,[],['根系发育不良'],"['微生物菌剂', '甲壳素']"
181-2,[],[],"['碧护', '磷酸二氢钾', '氨基酸叶面肥']"
182-1,[],[],"['高效氯氟氰菊酯', '噻虫嗪', '联苯菊酯', '联苯菊酯', '噻虫嗪', '联苯菊酯']"
182-2,[],[],"['烯啶虫胺', '联苯菊酯', '噻虫嗪', '高效氯氟氰菊酯', '螺虫乙酯']"
183-1,[],['用药不当'],"['磷酸二氢钾', '氨基酸叶面肥', '碧护']"
183-2,[],['施药不当'],['微生物菌剂']
184-1,[],"['炭疽病', '疫病']","['苯醚甲环唑', '烯酰吗啉', '霜霉威']"
184-2,[],['枯草芽孢杆菌'],['氨基酸']
185-1,[],"['病毒病', '蚜虫', '白粉虱', '蓟马', '螨虫', '病毒病']","['盐酸', '宁南霉素', '乙酸铜', '阿维菌素']"
185-2,[],['病毒病'],[]
187-1,[],[],"['调环酸钙', '磷酸二氢钾', '多效唑']"
187-2,[],[],"['磷酸二氢钾', '丙环唑', '调换酸']"
188-1,[],['疫病'],"['烯酰吗啉', '霜霉威']"
188-2,[],[],['联苯菊酯']
189-1,[],"['茎基腐病', '枯草芽孢杆菌']","['霜灵', '咯菌腈', '甲霜恶霉灵']"
189-2,[],['枯草芽孢杆菌'],['恶霉灵']
190-1,[],['疫病'],[]
190-2,[],['疫病'],"['苯醚甲环唑', '吡唑醚菌酯', '阿砣', '啶氧菌酯', '戊唑醇', '百菌清']"
191-2,[],[],['硝酸钾']
193-1,[],[],"['碧护', '磷酸二氢钾', '氨基酸叶面肥']"
193-2,[],[],"['碧护', '氨基酸']"
194-2,[],[],"['微生物菌剂', '甲壳素']"
195-1,[],['疫病危害'],"['霜霉威', '菌胺', '烯酰吗啉', '湿性粉剂']"
195-2,[],['疫病'],"['烯酰吗啉', '氟吗啉', '霜霉威盐酸盐', '霜脲锰锌', '锰锌', '氰霜唑']"
196-1,[],[],['磷酸二氢钾']
196-2,[],[],['水溶肥']
197-1,[],['用药不当'],['碧护']
197-2,[],[],"['碧护', '磷酸二氢钾', '氨基酸叶面肥']"
198-1,[],"['高温气害', '肥害', '枯草芽孢杆菌']",['氨基酸']
198-2,[],[],"['生物菌肥', '芸苔素内酯']"
199-1,[],[],[]
199-2,[],['炭疽病'],"['肟菌戊唑醇', '氟硅唑', '苯甲丙环唑']"
200-1,[],['施药不当'],['微生物菌剂']
200-2,[],[],"['碧护', '磷酸二氢钾', '氨基酸叶面肥']"
201-1,[],['疫病'],"['烯酰吗啉', '氟吗啉', '霜霉威盐酸盐', '霜脲锰锌', '锰锌', '氰霜唑']"
201-2,[],['疫病'],"['烯酰吗啉', '霜霉威']"
202-1,[],['炭疽病'],"['异菌脲', '丙森锌', '腈菌唑', '戊唑醇', '代森联', '嘧菌酯']"
202-2,[],"['炭疽病', '氟菌']","['肟菌酯', '苯醚甲环唑', '吡唑醚菌酯', '肟菌戊唑醇', '咪鲜胺', '啶氧菌酯', '咪鲜胺', '丙森锌', '咪鲜胺', '异菌脲', '吡唑醚菌酯', '氨基酸叶面肥']"
203-1,[],[],[]
203-2,[],[],"['灭蝇胺', '阿维菌素', '阿维菌素']"
204-1,[],[],"['生物菌肥', '芸苔素内酯']"
204-2,[],['枯草芽孢杆菌'],"['腐植酸', '碧护', '磷酸二氢钾']"
205-1,[],['脐腐病'],['螯合钙']
205-2,[],['灼果'],[]
206-1,[],[],"['碧护', '氨基酸', '恶霉灵', '生根剂']"
206-2,['辣椒'],"['茶黄螨', '病害表现']","['卡死克', '阿维哒螨灵', '阿维菌素', '乙螨唑']"
207-1,[],['疫病'],"['烯酰吗啉', '氟吗啉', '霜霉威盐酸盐', '霜脲锰锌', '锰锌', '氰霜唑']"
207-2,[],"['疫病', '花叶病']","['烯酰吗啉', '生菌素', '盐酸吗啉胍', '多抗霉素']"
208-1,[],['蚜虫'],"['吡虫啉', '吡蚜酮', '噻虫嗪', '烯啶虫胺', '联苯菊酯']"
208-2,[],"['蚜虫', '氟啶虫', '氟啶虫']","['吡虫啉', '噻虫嗪', '烯啶虫胺', '啶虫咪', '酰胺', '螺虫乙酯']"
209-1,[],[],['微生物菌剂']
209-2,[],['用药不当'],['碧护']
210-1,[],[],"['肟菌戊唑醇', '烯酰', '嘧菌酯', '霜霉威']"
210-2,[],[],['苯甲溴菌腈']
210-3,['辣椒'],"['疫病', '炭疽病']","['烯酰吗啉', '啶酰菌胺']"
211-1,[],"['土壤盐渍化', '根系发育不良', '枯草芽孢杆菌']","['腐植酸', '甲霜恶霉灵', '碧护', '磷酸二氢钾']"
212-1,[],[],['微生物菌剂']
212-2,[],['白粉病'],[]
212-3,[],[],['微生物菌剂']
213-1,[],['炭疽病'],"['肟菌戊唑醇', '氟硅唑', '苯甲丙环唑']"
213-2,[],"['炭疽病', '发病初期']","['霉灵', '阿砣', '啶氧菌酯', '施保克']"
213-3,[],['炭疽病'],"['肟菌戊唑醇', '氟硅唑', '苯甲丙环唑']"
214-1,[],"['脐腐病', '缺钙']","['氨基酸', '糖醇钙', '碧护', '磷酸二氢钾']"
214-2,[],['脐腐病'],['螯合钙']
214-3,[],"['脐腐病', '缺钙']","['氨基酸', '糖醇钙', '碧护', '磷酸二氢钾']"
215-1,[],[],"['碧护', '磷酸二氢钾', '氨基酸叶面肥']"
215-2,[],[],"['生物菌肥', '芸苔素内酯']"
215-3,[],[],"['碧护', '磷酸二氢钾', '氨基酸叶面肥']"
216-1,['辣椒'],"['根腐病', '枯草芽孢杆菌']",['恶霉灵']
216-3,['辣椒'],"['根腐病', '枯草芽孢杆菌']",['恶霉灵']
217-1,[],['疫病'],[]
217-2,[],['疫病'],"['甲霜灵', '锰锌', '烯酰吗啉', '霜霉威盐酸盐', '霜脲锰锌']"
217-3,[],['疫病'],"['甲霜灵', '锰锌', '烯酰吗啉', '霜霉威盐酸盐', '霜脲锰锌']"
218-1,[],"['根腐病', '枯草芽孢杆菌']",['甲霜恶霉灵']
218-2,[],"['茎基腐病', '枯草芽孢杆菌']","['霜霉威', '王铜', '甲霜灵', '恶霉灵', '酸钠', '恶霉灵', '恶霉灵', '生根剂']"
218-3,[],"['茎基腐病', '枯草芽孢杆菌']","['霜霉威', '王铜', '甲霜灵', '恶霉灵', '酸钠', '恶霉灵', '恶霉灵', '生根剂']"
219-1,[],"['枯萎病', '噁霉']","['噻菌铜', '辛菌胺醋酸盐', '福美双', '稻瘟灵']"
219-2,[],['青枯病'],"['噻唑锌', '乙蒜素', '生菌素', '喹啉铜', '络氨铜']"
219-3,[],"['枯萎病', '噁霉']","['噻菌铜', '辛菌胺醋酸盐', '福美双', '稻瘟灵']"
220-1,[],[],"['碧护', '磷酸二氢钾', '氨基酸叶面肥']"
220-2,[],['疫病'],"['烯酰吗啉', '氟吗啉', '霜霉威盐酸盐', '霜脲锰锌', '锰锌', '氰霜唑']"
220-3,[],[],"['碧护', '磷酸二氢钾', '氨基酸叶面肥']"
221-2,[],[],"['乙蒜素', '氯溴异氰尿酸', '春雷王铜', '氢氧化铜', '春雷霉素']"
221-3,[],[],"['乙蒜素', '氯溴异氰尿酸', '春雷王铜', '氢氧化铜', '春雷霉素']"
222-1,[],[],"['碧护', '磷酸二氢钾', '氨基酸叶面肥']"
222-2,[],[],"['生物菌肥', '芸苔素内酯']"
222-3,[],[],"['碧护', '磷酸二氢钾', '氨基酸叶面肥']"
223-1,[],"['缺硼', '缺钙', '缺硼', '缺硼']","['速乐硼', '速乐硼', '糖醇钙']"
223-2,[],"['氮肥过量', '缺硼']","['糖醇钙', '速乐硼', '氨基酸', '磷酸二氢钾', '碧护', '芸苔素']"
223-3,[],"['缺硼', '缺钙', '缺硼', '缺硼']","['速乐硼', '速乐硼', '糖醇钙']"
224-1,['辣椒'],"['炭疽病', '疫病']","['啶酰菌胺', '烯酰吗啉']"
224-2,[],['疫病'],"['烯酰吗啉', '氟吗啉', '霜霉威盐酸盐', '霜脲锰锌', '锰锌', '氰霜唑']"
224-3,['辣椒'],"['炭疽病', '疫病']","['啶酰菌胺', '烯酰吗啉']"
225-1,[],"['缺钙', '生理性病害', '用药不当']","['磷酸二氢钾', '氨基酸', '叶面肥']"
225-2,[],[],"['生物菌肥', '芸苔素内酯']"
225-3,[],"['缺钙', '生理性病害', '用药不当']","['磷酸二氢钾', '氨基酸', '叶面肥']"
226-1,[],"['缺钙', '脐腐病']","['速乐硼', '螯合钙', '磷酸二氢钾']"
226-2,[],['高温干旱'],"['糖醇钙', '硫酸铜', '螯合钙']"
226-3,[],"['缺钙', '脐腐病']","['速乐硼', '螯合钙', '磷酸二氢钾']"
227-1,[],[],"['氨基酸', '磷酸二氢钾肥']"
227-2,[],['供应不足'],['磷酸二氢钾']
227-3,[],['供应不足'],['磷酸二氢钾']
228-1,[],['霜霉病'],"['杀菌剂', '湿性粉剂', '代森锰锌', '湿性粉剂', '普力克', '雷多米尔', '湿性粉剂', '霜疫清', '湿性粉剂', '百菌清', '湿性粉剂', '甲霜灵', '湿性粉剂', '克露', '湿性粉剂', '肟菌酯', '锰锌', '湿性粉剂']"
228-2,[],['霜霉病'],"['烯酰吗啉', '霜脲锰锌', '锰锌']"
228-3,[],['霜霉病'],"['杀菌剂', '湿性粉剂', '代森锰锌', '湿性粉剂', '普力克', '雷多米尔', '湿性粉剂', '霜疫清', '湿性粉剂', '百菌清', '湿性粉剂', '甲霜灵', '湿性粉剂', '克露', '湿性粉剂', '肟菌酯', '锰锌', '湿性粉剂']"
229-1,[],[],"['氨基酸', '海藻酸', '叶面肥']"
229-2,[],['生理性病害'],"['氨基酸', '十芸苔素', '碧护']"
229-3,[],[],"['氨基酸', '海藻酸', '叶面肥']"
230-1,[],[],"['碧护', '磷酸二氢钾', '氨基酸叶面肥']"
230-2,[],['用药不当'],"['碧护', '芸苔素内酯']"
230-3,[],[],"['碧护', '磷酸二氢钾', '氨基酸叶面肥']"
231-1,[],"['脐腐病', '缺钙']",['螯合钙']
231-2,[],"['脐腐病', '缺钙']","['氨基酸', '螯合钙']"
231-3,[],"['脐腐病', '缺钙']","['氨基酸', '螯合钙']"
232-1,[],[],['氨基酸']
232-2,[],[],"['碧护', '磷酸二氢钾', '氨基酸叶面肥']"
232-3,[],[],['氨基酸']
233-1,[],['蚜虫'],[]
233-2,[],"['蚜虫', '氟啶虫']",['吡蚜酮']
233-3,[],"['蚜虫', '氟啶虫']",['吡蚜酮']
234-1,['辣椒'],['疫病危害'],"['氰霜唑', '锰锌', '湿性粉剂']"
234-2,[],['疫病危害'],['克露']
234-3,['辣椒'],['疫病危害'],"['氰霜唑', '锰锌', '湿性粉剂']"
235-1,[],['蓟马'],"['螺虫乙酯', '烯啶虫胺', '噻虫嗪']"
235-2,[],['病害表现'],['杀虫环']
235-3,[],['蓟马'],"['螺虫乙酯', '烯啶虫胺', '噻虫嗪']"
236-1,[],[],"['烯酰吗啉', '霜霉']"
236-2,[],[],['代森锰锌']
236-3,[],['疫病危害'],['克露']
237-1,[],[],"['乙蒜素', '氯溴异氰尿酸', '春雷王铜', '氢氧化铜', '春雷霉素']"
237-2,[],[],"['氯溴异氰尿酸', '噻菌铜', '乙蒜素', '硫酸铜']"
237-3,[],[],"['乙蒜素', '氯溴异氰尿酸', '春雷王铜', '氢氧化铜', '春雷霉素']"
238-1,[],"['脐腐病', '炭疽病']","['苯甲溴菌腈', '螯合钙']"
238-2,[],['脐腐病'],"['糖醇钙', '鳌合钙']"
238-3,[],"['脐腐病', '炭疽病']","['苯甲溴菌腈', '螯合钙']"
239-1,[],['病毒病'],[]
239-2,[],['茶黄螨'],"['阿维菌素', '乙螨唑']"
239-3,[],['茶黄螨'],"['阿维菌素', '乙螨唑']"
240-1,[],['缺硼'],"['氮肥', '氮肥', '碧护', '速乐硼', '鳌合钙']"
240-2,[],[],"['缺微肥', '氨基酸二轻钾肥', '水溶肥']"
240-3,[],['缺硼'],"['氮肥', '氮肥', '碧护', '速乐硼', '鳌合钙']"
241-1,[],['疫病危害'],['克露']
241-2,[],['炭疽病'],"['苯醚甲环唑', '溴菌腈', '咪鲜胺', '啶氧菌酯']"
241-3,[],['疫病危害'],['克露']
242-1,[],[],"['碧护', '磷酸二氢钾', '氨基酸叶面肥']"
242-2,[],[],"['碧护', '氨基酸']"
242-3,[],[],"['碧护', '磷酸二氢钾', '氨基酸叶面肥']"
243-1,[],"['软腐病', '细菌性病害']",[]
243-2,['辣椒'],['软腐病'],"['氯虫苯甲酰胺', '甲维盐', '酰胺']"
243-3,[],"['软腐病', '细菌性病害']",[]
244-1,[],['炭疽病'],"['肟菌戊唑醇', '氟硅唑', '苯甲丙环唑']"
244-2,[],['炭疽病'],"['苯醚甲环唑', '咪鲜胺', '溴菌腈']"
244-3,[],['炭疽病'],"['肟菌戊唑醇', '氟硅唑', '苯甲丙环唑']"
245-1,[],['疫病危害'],"['霜霉威', '菌胺', '烯酰吗啉', '湿性粉剂']"
245-2,[],['疫病'],"['克露', '烯酰吗啉']"
245-3,[],['疫病危害'],"['霜霉威', '菌胺', '烯酰吗啉', '湿性粉剂']"
246-1,[],[],"['酰胺', '茚虫威', '氯虫苯甲酰胺', '苏云金杆菌']"
246-2,[],[],"['氯虫苯甲酰胺', '虫酰肼', '氟虫双酰胺', '茚虫威', '酰胺']"
246-3,[],[],"['酰胺', '茚虫威', '氯虫苯甲酰胺', '苏云金杆菌']"
247-1,[],['缺硼'],"['速乐硼', '螯合钙']"
247-2,['辣椒'],"['脐腐病', '缺钙', '生理性病害', '脐腐病']","['螯合钙', '氨基酸', '糖醇钙', '氨基酸叶面肥']"
247-3,[],['缺硼'],"['速乐硼', '螯合钙']"
248-1,[],['用药不当'],"['碧护', '芸苔素内酯', '氨基酸叶面肥', '黄腐酸', '叶面肥', '磷酸二氢钾']"
248-2,[],['气害'],[]
248-3,[],['用药不当'],"['碧护', '芸苔素内酯', '氨基酸叶面肥', '黄腐酸', '叶面肥', '磷酸二氢钾']"
249-1,[],[],"['氯虫苯甲酰胺', '虫酰肼', '氟虫双酰胺', '茚虫威', '酰胺']"
249-2,[],"['烟青虫', '斜纹夜蛾']","['虱螨脲', '茚虫威', '氯虫苯甲酰胺', '苏云金杆菌']"
249-3,[],[],"['氯虫苯甲酰胺', '虫酰肼', '氟虫双酰胺', '茚虫威', '酰胺']"
250-1,[],['生理性病害'],"['磷酸二氢钾', '氨基酸叶面肥']"
250-2,[],['蓟马'],"['烯啶虫胺', '联苯菊酯', '噻虫嗪', '乙基多杀菌素']"
250-3,[],['生理性病害'],"['磷酸二氢钾', '氨基酸叶面肥']"
251-1,[],['炭疽病'],"['苯醚甲环唑', '吡唑醚菌酯']"
251-2,['辣椒'],"['炭疽病', '病害表现', '病斑']","['嘧菌酯', '多菌灵', '甲基托布津', '苯醚甲环唑', '百菌清']"
251-3,['辣椒'],"['炭疽病', '病害表现', '病斑']","['嘧菌酯', '多菌灵', '甲基托布津', '苯醚甲环唑', '百菌清']"
252-1,[],[],['氨基酸']
252-2,[],['用药不当'],"['碧护', '芸苔素内酯']"
252-3,[],['用药不当'],"['碧护', '芸苔素内酯']"
253-1,[],['蚜虫'],[]
253-2,[],['蚜虫'],"['吡虫啉', '螺虫乙酯', '烯啶虫胺', '噻虫嗪']"
253-3,[],['蚜虫'],"['吡虫啉', '螺虫乙酯', '烯啶虫胺', '噻虫嗪']"
254-1,[],"['炭疽病', '疫病']","['苯醚甲环唑', '咪鲜胺锰盐', '腐霉利', '氟硅唑', '啶氧菌酯', '苯甲溴菌腈', '吡唑嘧菌酯', '烯酰吗啉']"
254-2,['辣椒'],"['疫病', '炭疽病']",['苯甲溴菌腈']
254-3,[],"['炭疽病', '疫病']","['苯醚甲环唑', '咪鲜胺锰盐', '腐霉利', '氟硅唑', '啶氧菌酯', '苯甲溴菌腈', '吡唑嘧菌酯', '烯酰吗啉']"
255-1,[],['疫病'],"['烯酰吗啉', '氟吗啉', '霜霉威盐酸盐', '霜脲锰锌', '锰锌', '氰霜唑']"
255-2,[],['疫病'],"['普力克', '可杀得', '霜灵', '克露', '杀毒矾', '霜灵']"
255-3,[],['疫病'],"['烯酰吗啉', '氟吗啉', '霜霉威盐酸盐', '霜脲锰锌', '锰锌', '氰霜唑']"
256-2,[],['用药不当'],"['碧护', '芸苔素内酯']"
256-3,[],['用药不当'],"['碧护', '芸苔素内酯']"
257-1,[],[],['咯菌腈']
257-2,[],[],"['多菌灵', '湿性粉剂']"
257-3,[],[],"['多菌灵', '湿性粉剂']"
258-1,[],['枯草芽孢杆菌'],"['腐植酸', '碧护', '磷酸二氢钾']"
258-2,[],[],"['生物菌肥', '芸苔素内酯']"
258-3,[],['枯草芽孢杆菌'],"['腐植酸', '碧护', '磷酸二氢钾']"
259-1,[],['施药不当'],['微生物菌剂']
259-2,[],['枯草芽孢杆菌'],['氨基酸']
259-3,[],['施药不当'],['微生物菌剂']
260-1,['辣椒'],['疫病危害'],"['氰霜唑', '锰锌', '湿性粉剂']"
260-2,[],['疫病'],"['烯酰吗啉', '氟吗啉', '霜霉威盐酸盐', '霜脲锰锌', '锰锌', '氰霜唑']"
260-3,['辣椒'],['疫病危害'],"['氰霜唑', '锰锌', '湿性粉剂']"
